{
  "project_info": {
    "project_number": "1029053083648",
    "firebase_url": "https://card-game-80249.firebaseio.com",
    "project_id": "card-game-80249",
    "storage_bucket": "card-game-80249.appspot.com"
  },
  "client": [
    {
      "client_info": {
        "mobilesdk_app_id": "1:1029053083648:android:87a0a3a47241db5479a8e5",
        "android_client_info": {
          "package_name": "com.example.cardgame"
        }
      },
      "oauth_client": [
        {
          "client_id": "1029053083648-8ohulhf5l94iie2bakvdmpuc6411uckd.apps.googleusercontent.com",
          "client_type": 3
        }
      ],
      "api_key": [
        {
          "current_key": "AIzaSyDlaEapCEsf5u5ROTbrY3HkoPxjU-t002Q"
        }
      ],
      "services": {
        "appinvite_service": {
          "other_platform_oauth_client": [
            {
              "client_id": "1029053083648-8ohulhf5l94iie2bakvdmpuc6411uckd.apps.googleusercontent.com",
              "client_type": 3
            }
          ]
        }
      }
    }
  ],
  "configuration_version": "1"
}